日付,イベント名
2025-05-17,otona_no_pro
2025-05-08,rainbow_open
2025-05-05,mugen
2025-05-14,paseri
2025-05-13,kaba_silver
2025-05-07,sindai
2025-05-04,paseri
2025-05-03,kaba_silver
2025-05-02,hanten_open
2025-05-01,tokyo_taisen
2025-04-29,jimenshi
2025-04-27,otona_no_pro
2025-05-12,hanten_open
2025-05-11,tencho_siro
2025-05-10,tokyovs
2025-05-10,saikyo
2025-05-09,nikutora
2025-05-05,tencho_rainbow
2025-05-01,tencho_rainbow
2025-04-30,sinkocchou
2025-04-29,tencho_rainbow
2025-04-27,rainbow_open
2025-04-24,paseri
2025-04-21,hanten_open
2025-04-20,tencho_rainbow
2025-04-19,nikutora
2025-04-18,slopachi
2025-04-17,kaba_silver
2025-04-14,paseri
2025-04-13,kaba_silver
2025-04-12,hanten_open
2025-04-10,tokyovs
2025-04-10,saikyo
2025-04-10,tencho_rainbow
2025-04-09,nikutora
2025-04-08,slopachi
2025-04-07,sindai
2025-04-07,kaba_silver
2025-04-06,hanten_open
2025-04-06,tencho_rainbow
2025-04-04,tencho_rainbow
2025-04-04,mugen
2025-04-03,kaba_silver
2025-04-02,hanten_open
2025-04-01,tokyo_taisen
2025-04-01,tencho_rainbow
2025-03-30,tencho_rainbow
2025-03-29,nikutora
2025-03-28,rainbow_open
2025-03-27,tencho_siro
2025-03-27,kaba_silver
2025-03-27,angel_silhouette
2025-03-24,paseri
2025-03-22,hanten_open
2025-03-21,replay
2025-03-20,tencho_rainbow
2025-03-19,nikutora
2025-03-18,slopachi
2025-03-17,sindai
2025-03-17,kaba_silver
2025-03-17,angel_silhouette
2025-03-17,otona_no_pro
2025-03-12,tencho_siro
2025-03-10,tencho_rainbow
2025-03-10,tokyovs
2025-03-09,jimenshi
2025-03-09,tencho_rainbow
2025-03-08,slopachi
2025-03-07,otona_no_pro
2025-03-07,kaba_silver
2025-03-07,angel_silhouette
2025-03-04,paseri
2025-03-03,sindai
2025-03-03,mugen
2025-03-02,hanten_open
2025-03-01,tencho_siro
2025-03-01,tokyo_taisen
2025-03-01,bane_bd
2025-02-28,tencho_rainbow
2025-02-27,kaba_silver
2025-02-27,angel_silhouette
2025-02-27,otona_no_pro
2025-02-24,paseri
2025-02-24,tencho_siro
2025-02-23,jimenshi
2025-02-23,tencho_rainbow
2025-02-22,hanten_open
2025-02-22,koushien
2025-03-12,koushien
2025-02-21,replay
2025-02-20,tencho_rainbow
2025-02-19,nikutora
2025-02-18,slopachi
2025-02-17,sindai
2025-02-17,kaba_silver
2025-02-17,angel_silhouette
2025-02-17,otona_no_pro
2025-02-14,paseri
2025-02-04,paseri
2025-02-12,hanten_open
2025-02-11,tencho_siro
2025-02-10,tencho_rainbow
2025-02-09,nikutora
2025-02-08,slopachi
2025-02-07,kaba_silver
2025-02-07,angel_silhouette
2025-02-07,otona_no_pro
2025-02-03,sindai
2025-02-03,sinkocchou
2025-02-02,mugen
2025-02-02,tencho_rainbow
2025-02-01,tokyo_taisen
2025-02-01,koushien
2025-01-28,rainbow_open
2025-01-27,kaba_silver
2025-01-27,angel_silhouette
2025-01-27,otona_no_pro
2025-01-24,paseri
2025-01-14,paseri
2025-01-04,paseri
2025-01-22,hanten_open
2025-01-22,koushien
2025-01-21,replay
2025-01-20,sindai
2025-01-19,nikutora
2025-01-29,nikutora
2025-01-18,rainbow_open
2025-01-17,kaba_silver
2025-01-17,angel_silhouette
2025-01-17,otona_no_pro
2025-01-14,sindai
2025-01-13,jimenshi
2025-01-12,hanten_open
2025-01-10,tencho_rainbow
2025-01-09,nikutora
2025-01-08,rainbow_open
2025-01-07,kaba_silver
2025-01-07,angel_silhouette
2025-01-07,otona_no_pro
2025-01-06,sindai
2025-01-02,tencho_rainbow
2025-01-01,hanten_open
2024-12-31,tencho_rainbow
2024-12-30,tencho_rainbow
2024-12-29,nikutora
2024-12-28,rainbow_open
2024-12-27,kaba_silver
2024-12-27,angel_silhouette
2024-12-27,otona_no_pro
2024-12-24,paseri
2024-12-14,paseri
2024-12-04,paseri
2024-12-22,hanten_open
2024-12-23,anniv
2024-12-21,replay
2024-12-21,tencho_siro
2024-12-20,tencho_rainbow
2024-12-19,nikutora
2024-12-18,rainbow_open
2024-12-17,otona_no_pro
2024-12-17,angel_silhouette
2024-12-17,kaba_silver
2024-12-16,sindai
2024-12-12,mugen
2024-12-12,koushien
2024-12-10,tencho_rainbow
2024-12-09,nikutora
2024-12-08,egg
2024-12-08,tencho_rainbow
2024-12-07,kaba_silver
2024-12-07,angel_silhouette
2024-12-07,otona_no_pro
2024-12-02,sindai
2024-12-02,hanten_open
2024-12-01,tokyo_taisen
2024-11-30,tencho_rainbow
2024-11-29,nikutora
2024-11-28,rainbow_open
2024-11-27,kaba_silver
2024-11-27,angel_silhouette
2024-11-27,otona_no_pro
2024-11-24,paseri
2024-11-14,paseri
2024-11-23,koushien
2024-11-22,hanten_open
2024-11-21,replay
2024-11-20,tencho_rainbow
2024-11-19,nikutora
2024-11-09,nikutora
2024-11-18,rainbow_open
2024-11-17,kaba_silver
2024-11-17,angel_silhouette
2024-11-17,otona_no_pro
2024-11-12,hanten_open
2024-11-10,tencho_rainbow
2024-11-08,rainbow_open
2024-11-07,kaba_silver
2024-11-07,angel_silhouette
2024-11-07,otona_no_pro
2024-11-05,sindai
2024-11-04,tencho_rainbow
2024-11-04,egg
2024-11-02,hanten_open
2024-11-01,tokyo_taisen
2024-10-30,tencho_siro
2024-10-29,nikutora
2024-10-28,rainbow_open
2024-10-28,egg
2024-10-28,tencho_rainbow
2024-10-27,egg
2024-10-27,otona_no_pro
2024-10-27,kaba_silver
2024-10-24,paseri
2024-10-04,paseri
2024-10-22,hanten_open
2024-10-22,chunge
2024-10-21,sindai
2024-10-21,replay
2024-10-20,tencho_rainbow
2024-10-19,tiger_hyper
2024-10-18,rainbow_open
2024-10-17,kaba_silver
2024-10-17,angel_silhouette
2024-10-17,otona_no_pro
2024-10-14,tencho_rainbow
2024-10-14,egg
2024-10-12,chunge
2024-10-12,hanten_open
2024-10-10,tencho_rainbow
2024-10-09,tiger_hyper
2024-10-08,rainbow_open
2024-10-07,kaba_silver
2024-10-07,angel_silhouette
2024-10-07,otona_no_pro
